{
  "gene": "TOP1",
  "n_tnbc_with_expression": 115,
  "subtype_counts": {
    "BL1": 44,
    "M": 42,
    "LAR": 15,
    "BL2": 14
  },
  "kruskal_wallis": {
    "H": 6.791324792149396,
    "p": 0.07885490946629303
  },
  "group_medians": {
    "BL1": 2804.55825,
    "BL2": 2937.9716500000004,
    "M": 2508.02445,
    "LAR": 3265.0436
  },
  "group_means": {
    "BL1": 2823.6449431818182,
    "BL2": 3188.419264285714,
    "M": 2593.35199047619,
    "LAR": 3121.894753333333
  },
  "group_n": {
    "BL1": 44,
    "BL2": 14,
    "M": 42,
    "LAR": 15
  },
  "pairwise_mannwhitney": {
    "BL1_vs_BL2": {
      "U": 241.0,
      "p": 0.2269092830906696
    },
    "BL1_vs_M": {
      "U": 1047.0,
      "p": 0.2899105790482366
    },
    "BL1_vs_LAR": {
      "U": 253.0,
      "p": 0.1829607393134255
    },
    "BL2_vs_M": {
      "U": 401.0,
      "p": 0.043885648626595344
    },
    "BL2_vs_LAR": {
      "U": 104.0,
      "p": 0.9825901131969854
    },
    "M_vs_LAR": {
      "U": 198.0,
      "p": 0.034753913779482275
    }
  },
  "median_split": 2734.2246,
  "survival_mannwhitney_p": 0.7540839987515685,
  "survival_logrank_p": 0.9685457022500601,
  "n_survival_evaluable": 115
}