{
  "gene": "POLD2",
  "n_tnbc_with_expression": 115,
  "subtype_counts": {
    "BL1": 44,
    "M": 42,
    "LAR": 15,
    "BL2": 14
  },
  "kruskal_wallis": {
    "H": 14.503696138943553,
    "p": 0.0022938655094030327
  },
  "group_medians": {
    "BL1": 2587.7371000000003,
    "BL2": 2551.7366,
    "M": 1724.2331,
    "LAR": 2271.0724
  },
  "group_means": {
    "BL1": 2858.3899045454546,
    "BL2": 2883.7734714285716,
    "M": 1945.2616214285715,
    "LAR": 2735.10244
  },
  "group_n": {
    "BL1": 44,
    "BL2": 14,
    "M": 42,
    "LAR": 15
  },
  "pairwise_mannwhitney": {
    "BL1_vs_BL2": {
      "U": 303.0,
      "p": 0.9348306941349882
    },
    "BL1_vs_M": {
      "U": 1342.0,
      "p": 0.00030985330696846905
    },
    "BL1_vs_LAR": {
      "U": 350.0,
      "p": 0.734269681084721
    },
    "BL2_vs_M": {
      "U": 426.0,
      "p": 0.012838116722735103
    },
    "BL2_vs_LAR": {
      "U": 122.0,
      "p": 0.4714517068389269
    },
    "M_vs_LAR": {
      "U": 219.0,
      "p": 0.0835138692997103
    }
  },
  "median_split": 2218.3544,
  "survival_mannwhitney_p": 0.16029771178024288,
  "survival_logrank_p": 0.3115721920171903,
  "n_survival_evaluable": 115
}