{
  "gene": "TYMS",
  "n_tnbc_with_expression": 115,
  "subtype_counts": {
    "BL1": 44,
    "M": 42,
    "LAR": 15,
    "BL2": 14
  },
  "kruskal_wallis": {
    "H": 16.337347495083634,
    "p": 0.0009669556502353486
  },
  "group_medians": {
    "BL1": 1504.1539,
    "BL2": 1199.53655,
    "M": 967.81205,
    "LAR": 566.0602
  },
  "group_means": {
    "BL1": 2220.7854022727274,
    "BL2": 1322.0128428571425,
    "M": 1321.3249833333332,
    "LAR": 854.0512666666665
  },
  "group_n": {
    "BL1": 44,
    "BL2": 14,
    "M": 42,
    "LAR": 15
  },
  "pairwise_mannwhitney": {
    "BL1_vs_BL2": {
      "U": 394.0,
      "p": 0.12027886607262192
    },
    "BL1_vs_M": {
      "U": 1253.0,
      "p": 0.004539439812411575
    },
    "BL1_vs_LAR": {
      "U": 532.0,
      "p": 0.00045205831390849867
    },
    "BL2_vs_M": {
      "U": 320.0,
      "p": 0.6294449634872521
    },
    "BL2_vs_LAR": {
      "U": 145.0,
      "p": 0.08472204560508316
    },
    "M_vs_LAR": {
      "U": 419.0,
      "p": 0.060706382438927765
    }
  },
  "median_split": 1224.0797,
  "survival_mannwhitney_p": 0.1338302023042638,
  "survival_logrank_p": 0.008562138345835206,
  "n_survival_evaluable": 115
}