{
  "gene": "PRIM2",
  "n_tnbc_with_expression": 115,
  "subtype_counts": {
    "BL1": 44,
    "M": 42,
    "LAR": 15,
    "BL2": 14
  },
  "kruskal_wallis": {
    "H": 15.23301037792794,
    "p": 0.0016279734012275035
  },
  "group_medians": {
    "BL1": 384.1524,
    "BL2": 357.94764999999995,
    "M": 315.08360000000005,
    "LAR": 247.2807
  },
  "group_means": {
    "BL1": 417.4205090909092,
    "BL2": 391.7274214285714,
    "M": 341.49154999999996,
    "LAR": 266.1869266666667
  },
  "group_n": {
    "BL1": 44,
    "BL2": 14,
    "M": 42,
    "LAR": 15
  },
  "pairwise_mannwhitney": {
    "BL1_vs_BL2": {
      "U": 322.0,
      "p": 0.8062195680973387
    },
    "BL1_vs_M": {
      "U": 1171.0,
      "p": 0.033205097267602596
    },
    "BL1_vs_LAR": {
      "U": 519.0,
      "p": 0.0010330639835351263
    },
    "BL2_vs_M": {
      "U": 386.0,
      "p": 0.08338882220354156
    },
    "BL2_vs_LAR": {
      "U": 174.0,
      "p": 0.0027935662130837372
    },
    "M_vs_LAR": {
      "U": 438.0,
      "p": 0.026422423090510835
    }
  },
  "median_split": 330.1714,
  "survival_mannwhitney_p": 0.2729011260571318,
  "survival_logrank_p": 0.383964276375544,
  "n_survival_evaluable": 115
}