{
  "gene": "CXCR4",
  "n_tnbc_with_expression": 115,
  "subtype_counts": {
    "BL1": 44,
    "M": 42,
    "LAR": 15,
    "BL2": 14
  },
  "kruskal_wallis": {
    "H": 1.543865729472941,
    "p": 0.6721837685350691
  },
  "group_medians": {
    "BL1": 2101.20255,
    "BL2": 2710.4218499999997,
    "M": 2069.50385,
    "LAR": 1728.7622
  },
  "group_means": {
    "BL1": 2996.0325431818183,
    "BL2": 3026.1267285714284,
    "M": 2919.440157142857,
    "LAR": 3109.99816
  },
  "group_n": {
    "BL1": 44,
    "BL2": 14,
    "M": 42,
    "LAR": 15
  },
  "pairwise_mannwhitney": {
    "BL1_vs_BL2": {
      "U": 251.0,
      "p": 0.3045849698446741
    },
    "BL1_vs_M": {
      "U": 874.0,
      "p": 0.6689082979913126
    },
    "BL1_vs_LAR": {
      "U": 335.0,
      "p": 0.9375616206233207
    },
    "BL2_vs_M": {
      "U": 330.0,
      "p": 0.501757430429006
    },
    "BL2_vs_LAR": {
      "U": 136.0,
      "p": 0.18314652532853115
    },
    "M_vs_LAR": {
      "U": 349.0,
      "p": 0.5437929678767246
    }
  },
  "median_split": 2095.251,
  "survival_mannwhitney_p": 0.9888421309935361,
  "survival_logrank_p": 0.27769199785030935,
  "n_survival_evaluable": 115
}