{
  "gene": "AR",
  "n_tnbc_with_expression": 115,
  "subtype_counts": {
    "BL1": 44,
    "M": 42,
    "LAR": 15,
    "BL2": 14
  },
  "kruskal_wallis": {
    "H": 43.56490450556953,
    "p": 1.8670500968626546e-09
  },
  "group_medians": {
    "BL1": 6.8995999999999995,
    "BL2": 9.698699999999999,
    "M": 32.5161,
    "LAR": 495.5466
  },
  "group_means": {
    "BL1": 20.138868181818182,
    "BL2": 36.67905,
    "M": 46.71606666666666,
    "LAR": 865.7142266666666
  },
  "group_n": {
    "BL1": 44,
    "BL2": 14,
    "M": 42,
    "LAR": 15
  },
  "pairwise_mannwhitney": {
    "BL1_vs_BL2": {
      "U": 223.0,
      "p": 0.12465422806798411
    },
    "BL1_vs_M": {
      "U": 500.0,
      "p": 0.0002533744037901953
    },
    "BL1_vs_LAR": {
      "U": 17.0,
      "p": 5.320743325108617e-08
    },
    "BL2_vs_M": {
      "U": 207.0,
      "p": 0.10168406405557431
    },
    "BL2_vs_LAR": {
      "U": 11.0,
      "p": 4.4905193360592916e-05
    },
    "M_vs_LAR": {
      "U": 39.0,
      "p": 5.956765822459408e-07
    }
  },
  "median_split": 19.8008,
  "survival_mannwhitney_p": 0.8954139225626443,
  "survival_logrank_p": 0.8813810909722297,
  "n_survival_evaluable": 115
}