{
  "gene": "BRCA1",
  "n_tnbc_with_expression": 115,
  "subtype_counts": {
    "BL1": 44,
    "M": 42,
    "LAR": 15,
    "BL2": 14
  },
  "kruskal_wallis": {
    "H": 5.29461671761527,
    "p": 0.15145208578782468
  },
  "group_medians": {
    "BL1": 476.0342,
    "BL2": 379.76959999999997,
    "M": 250.1302,
    "LAR": 321.6392
  },
  "group_means": {
    "BL1": 489.1195704545455,
    "BL2": 444.0778714285714,
    "M": 302.3555761904762,
    "LAR": 387.95201999999995
  },
  "group_n": {
    "BL1": 44,
    "BL2": 14,
    "M": 42,
    "LAR": 15
  },
  "pairwise_mannwhitney": {
    "BL1_vs_BL2": {
      "U": 317.0,
      "p": 0.8772534534419585
    },
    "BL1_vs_M": {
      "U": 1160.0,
      "p": 0.04189496612702291
    },
    "BL1_vs_LAR": {
      "U": 359.0,
      "p": 0.6198088184247668
    },
    "BL2_vs_M": {
      "U": 384.0,
      "p": 0.09035857986870194
    },
    "BL2_vs_LAR": {
      "U": 118.0,
      "p": 0.5853789284609614
    },
    "M_vs_LAR": {
      "U": 256.0,
      "p": 0.2890820268445904
    }
  },
  "median_split": 335.329,
  "survival_mannwhitney_p": 0.600953078836791,
  "survival_logrank_p": 0.6497030148372209,
  "n_survival_evaluable": 115
}