{
  "gene": "CD274",
  "n_tnbc_with_expression": 115,
  "subtype_counts": {
    "BL1": 44,
    "M": 42,
    "LAR": 15,
    "BL2": 14
  },
  "kruskal_wallis": {
    "H": 0.8657349247454249,
    "p": 0.8336878793015582
  },
  "group_medians": {
    "BL1": 27.774,
    "BL2": 26.54925,
    "M": 31.09265,
    "LAR": 46.3624
  },
  "group_means": {
    "BL1": 77.82939545454545,
    "BL2": 29.059328571428573,
    "M": 43.81757142857142,
    "LAR": 43.02998666666667
  },
  "group_n": {
    "BL1": 44,
    "BL2": 14,
    "M": 42,
    "LAR": 15
  },
  "pairwise_mannwhitney": {
    "BL1_vs_BL2": {
      "U": 333.0,
      "p": 0.6561861972289662
    },
    "BL1_vs_M": {
      "U": 937.0,
      "p": 0.9140023454960049
    },
    "BL1_vs_LAR": {
      "U": 308.0,
      "p": 0.7082057106326936
    },
    "BL2_vs_M": {
      "U": 253.0,
      "p": 0.44347605917279787
    },
    "BL2_vs_LAR": {
      "U": 80.0,
      "p": 0.28494907768465494
    },
    "M_vs_LAR": {
      "U": 288.0,
      "p": 0.6310615468956626
    }
  },
  "median_split": 29.4748,
  "survival_mannwhitney_p": 0.37527573012235493,
  "survival_logrank_p": 0.857849405860165,
  "n_survival_evaluable": 115
}