{
  "gene": "FTO",
  "n_tnbc_with_expression": 115,
  "subtype_counts": {
    "BL1": 44,
    "M": 42,
    "LAR": 15,
    "BL2": 14
  },
  "kruskal_wallis": {
    "H": 10.768101403843502,
    "p": 0.01304826201406818
  },
  "group_medians": {
    "BL1": 839.50545,
    "BL2": 1178.9499999999998,
    "M": 949.693,
    "LAR": 800.6329
  },
  "group_means": {
    "BL1": 941.3044113636363,
    "BL2": 2148.0550071428574,
    "M": 1104.767211904762,
    "LAR": 1276.1742199999999
  },
  "group_n": {
    "BL1": 44,
    "BL2": 14,
    "M": 42,
    "LAR": 15
  },
  "pairwise_mannwhitney": {
    "BL1_vs_BL2": {
      "U": 147.0,
      "p": 0.0035407938066787234
    },
    "BL1_vs_M": {
      "U": 680.0,
      "p": 0.03540666587636131
    },
    "BL1_vs_LAR": {
      "U": 305.0,
      "p": 0.6697506459147826
    },
    "BL2_vs_M": {
      "U": 403.0,
      "p": 0.040070138055181205
    },
    "BL2_vs_LAR": {
      "U": 141.0,
      "p": 0.12129832212514395
    },
    "M_vs_LAR": {
      "U": 366.0,
      "p": 0.36010686594830166
    }
  },
  "median_split": 908.9679,
  "survival_mannwhitney_p": 0.28785334588166134,
  "survival_logrank_p": 0.3070407891863696,
  "n_survival_evaluable": 115
}