{
  "gene": "GNRHR",
  "n_tnbc_with_expression": 115,
  "subtype_counts": {
    "BL1": 44,
    "M": 42,
    "LAR": 15,
    "BL2": 14
  },
  "kruskal_wallis": {
    "H": 1.3764775084448282,
    "p": 0.7110576779028315
  },
  "group_medians": {
    "BL1": 2.5539,
    "BL2": 2.8948,
    "M": 3.08135,
    "LAR": 4.5535
  },
  "group_means": {
    "BL1": 3.2171522727272728,
    "BL2": 3.310828571428572,
    "M": 4.231859523809524,
    "LAR": 4.033026666666667
  },
  "group_n": {
    "BL1": 44,
    "BL2": 14,
    "M": 42,
    "LAR": 15
  },
  "pairwise_mannwhitney": {
    "BL1_vs_BL2": {
      "U": 278.0,
      "p": 0.5919316918648172
    },
    "BL1_vs_M": {
      "U": 805.0,
      "p": 0.3059392911832155
    },
    "BL1_vs_LAR": {
      "U": 286.0,
      "p": 0.4488808939245419
    },
    "BL2_vs_M": {
      "U": 275.0,
      "p": 0.7262929473061279
    },
    "BL2_vs_LAR": {
      "U": 94.0,
      "p": 0.6467268561978069
    },
    "M_vs_LAR": {
      "U": 301.0,
      "p": 0.806698964973157
    }
  },
  "median_split": 2.8818,
  "survival_mannwhitney_p": 0.10296962379394495,
  "survival_logrank_p": 0.9834066531465471,
  "n_survival_evaluable": 115
}