{
  "gene": "POLA2",
  "n_tnbc_with_expression": 115,
  "subtype_counts": {
    "BL1": 44,
    "M": 42,
    "LAR": 15,
    "BL2": 14
  },
  "kruskal_wallis": {
    "H": 2.417862886738419,
    "p": 0.490318114245369
  },
  "group_medians": {
    "BL1": 610.78575,
    "BL2": 553.87185,
    "M": 555.8920499999999,
    "LAR": 571.4286
  },
  "group_means": {
    "BL1": 673.4814068181819,
    "BL2": 608.5573642857144,
    "M": 576.2299285714286,
    "LAR": 564.8398533333334
  },
  "group_n": {
    "BL1": 44,
    "BL2": 14,
    "M": 42,
    "LAR": 15
  },
  "pairwise_mannwhitney": {
    "BL1_vs_BL2": {
      "U": 349.0,
      "p": 0.4617807478904786
    },
    "BL1_vs_M": {
      "U": 1087.0,
      "p": 0.16035132098380067
    },
    "BL1_vs_LAR": {
      "U": 392.0,
      "p": 0.28435940695346584
    },
    "BL2_vs_M": {
      "U": 306.0,
      "p": 0.8277394252445303
    },
    "BL2_vs_LAR": {
      "U": 112.0,
      "p": 0.7766531265771661
    },
    "M_vs_LAR": {
      "U": 313.0,
      "p": 0.9783137634764321
    }
  },
  "median_split": 569.6853,
  "survival_mannwhitney_p": 0.10179393219203654,
  "survival_logrank_p": 0.522257415249773,
  "n_survival_evaluable": 115
}