{
  "gene": "POLD1",
  "n_tnbc_with_expression": 115,
  "subtype_counts": {
    "BL1": 44,
    "M": 42,
    "LAR": 15,
    "BL2": 14
  },
  "kruskal_wallis": {
    "H": 10.54507544928839,
    "p": 0.014458221341448906
  },
  "group_medians": {
    "BL1": 893.49945,
    "BL2": 772.8086000000001,
    "M": 635.6555,
    "LAR": 607.7554
  },
  "group_means": {
    "BL1": 1000.9376863636363,
    "BL2": 785.7589214285714,
    "M": 718.2836666666667,
    "LAR": 643.0017266666666
  },
  "group_n": {
    "BL1": 44,
    "BL2": 14,
    "M": 42,
    "LAR": 15
  },
  "pairwise_mannwhitney": {
    "BL1_vs_BL2": {
      "U": 365.0,
      "p": 0.3045849698446741
    },
    "BL1_vs_M": {
      "U": 1236.0,
      "p": 0.007120596049728305
    },
    "BL1_vs_LAR": {
      "U": 474.0,
      "p": 0.012489113351612433
    },
    "BL2_vs_M": {
      "U": 348.0,
      "p": 0.31138452138776007
    },
    "BL2_vs_LAR": {
      "U": 137.0,
      "p": 0.16920192165920178
    },
    "M_vs_LAR": {
      "U": 358.0,
      "p": 0.44118992331254525
    }
  },
  "median_split": 720.1448,
  "survival_mannwhitney_p": 0.19823412266016072,
  "survival_logrank_p": 0.4048394622913706,
  "n_survival_evaluable": 115
}