{
  "gene": "POLE",
  "n_tnbc_with_expression": 115,
  "subtype_counts": {
    "BL1": 44,
    "M": 42,
    "LAR": 15,
    "BL2": 14
  },
  "kruskal_wallis": {
    "H": 11.515523666738034,
    "p": 0.009241189784543724
  },
  "group_medians": {
    "BL1": 1403.2157,
    "BL2": 909.7904,
    "M": 998.01295,
    "LAR": 1039.5227
  },
  "group_means": {
    "BL1": 1563.9355931818181,
    "BL2": 953.8193357142858,
    "M": 1233.4187714285715,
    "LAR": 1198.2025466666669
  },
  "group_n": {
    "BL1": 44,
    "BL2": 14,
    "M": 42,
    "LAR": 15
  },
  "pairwise_mannwhitney": {
    "BL1_vs_BL2": {
      "U": 480.0,
      "p": 0.0018313975514793002
    },
    "BL1_vs_M": {
      "U": 1198.0,
      "p": 0.01813469088742016
    },
    "BL1_vs_LAR": {
      "U": 434.0,
      "p": 0.07159202949186626
    },
    "BL2_vs_M": {
      "U": 240.0,
      "p": 0.31138452138776007
    },
    "BL2_vs_LAR": {
      "U": 86.0,
      "p": 0.4194324996066613
    },
    "M_vs_LAR": {
      "U": 319.0,
      "p": 0.9494264614230754
    }
  },
  "median_split": 1094.9796,
  "survival_mannwhitney_p": 0.8469669273695769,
  "survival_logrank_p": 0.8879059221177927,
  "n_survival_evaluable": 115
}