{
  "gene": "RRM1",
  "n_tnbc_with_expression": 115,
  "subtype_counts": {
    "BL1": 44,
    "M": 42,
    "LAR": 15,
    "BL2": 14
  },
  "kruskal_wallis": {
    "H": 9.59930158297476,
    "p": 0.022298088960434427
  },
  "group_medians": {
    "BL1": 2440.3467499999997,
    "BL2": 1654.1118999999999,
    "M": 1953.1679,
    "LAR": 1742.5695
  },
  "group_means": {
    "BL1": 2845.185722727272,
    "BL2": 2062.8360642857147,
    "M": 2113.9352452380954,
    "LAR": 2088.639526666667
  },
  "group_n": {
    "BL1": 44,
    "BL2": 14,
    "M": 42,
    "LAR": 15
  },
  "pairwise_mannwhitney": {
    "BL1_vs_BL2": {
      "U": 431.0,
      "p": 0.026019266399407683
    },
    "BL1_vs_M": {
      "U": 1201.0,
      "p": 0.016904676024700072
    },
    "BL1_vs_LAR": {
      "U": 455.0,
      "p": 0.030214515191639025
    },
    "BL2_vs_M": {
      "U": 264.0,
      "p": 0.5767107028526068
    },
    "BL2_vs_LAR": {
      "U": 99.0,
      "p": 0.810299496070296
    },
    "M_vs_LAR": {
      "U": 345.0,
      "p": 0.5929269833311005
    }
  },
  "median_split": 2089.3372,
  "survival_mannwhitney_p": 0.69537331048627,
  "survival_logrank_p": 0.9378815541918326,
  "n_survival_evaluable": 115
}