{
  "gene": "RRM2",
  "n_tnbc_with_expression": 115,
  "subtype_counts": {
    "BL1": 44,
    "M": 42,
    "LAR": 15,
    "BL2": 14
  },
  "kruskal_wallis": {
    "H": 15.44674604256312,
    "p": 0.0014720667605618335
  },
  "group_medians": {
    "BL1": 1961.3994,
    "BL2": 1119.2505,
    "M": 1226.95705,
    "LAR": 1736.1825
  },
  "group_means": {
    "BL1": 2181.5942386363636,
    "BL2": 1819.9777357142855,
    "M": 1521.448626190476,
    "LAR": 2328.9567666666667
  },
  "group_n": {
    "BL1": 44,
    "BL2": 14,
    "M": 42,
    "LAR": 15
  },
  "pairwise_mannwhitney": {
    "BL1_vs_BL2": {
      "U": 468.0,
      "p": 0.0037525849589523765
    },
    "BL1_vs_M": {
      "U": 1335.0,
      "p": 0.00039046689577531635
    },
    "BL1_vs_LAR": {
      "U": 346.0,
      "p": 0.7872984533769305
    },
    "BL2_vs_M": {
      "U": 281.0,
      "p": 0.8130263692602503
    },
    "BL2_vs_LAR": {
      "U": 74.0,
      "p": 0.18314652532853115
    },
    "M_vs_LAR": {
      "U": 226.0,
      "p": 0.1087586225182452
    }
  },
  "median_split": 1627.137,
  "survival_mannwhitney_p": 0.01118588879301834,
  "survival_logrank_p": 0.2099411594667528,
  "n_survival_evaluable": 115
}