{
  "gene": "TACSTD2",
  "n_tnbc_with_expression": 115,
  "subtype_counts": {
    "BL1": 44,
    "M": 42,
    "LAR": 15,
    "BL2": 14
  },
  "kruskal_wallis": {
    "H": 0.7404083023423027,
    "p": 0.8636608207223593
  },
  "group_medians": {
    "BL1": 7688.8038,
    "BL2": 8835.9045,
    "M": 6895.64405,
    "LAR": 7059.7132
  },
  "group_means": {
    "BL1": 8764.292854545452,
    "BL2": 10722.683571428572,
    "M": 10174.74402142857,
    "LAR": 8899.44792
  },
  "group_n": {
    "BL1": 44,
    "BL2": 14,
    "M": 42,
    "LAR": 15
  },
  "pairwise_mannwhitney": {
    "BL1_vs_BL2": {
      "U": 265.0,
      "p": 0.43996081935459397
    },
    "BL1_vs_M": {
      "U": 924.0,
      "p": 1.0
    },
    "BL1_vs_LAR": {
      "U": 334.0,
      "p": 0.9514172034723368
    },
    "BL2_vs_M": {
      "U": 335.0,
      "p": 0.44347605917279787
    },
    "BL2_vs_LAR": {
      "U": 121.0,
      "p": 0.498738821650313
    },
    "M_vs_LAR": {
      "U": 321.0,
      "p": 0.9206054834359714
    }
  },
  "median_split": 7528.5249,
  "survival_mannwhitney_p": 0.0071908751538802,
  "survival_logrank_p": 0.31484838295075,
  "n_survival_evaluable": 115
}