{
  "gene": "TERT",
  "n_tnbc_with_expression": 115,
  "subtype_counts": {
    "BL1": 44,
    "M": 42,
    "LAR": 15,
    "BL2": 14
  },
  "kruskal_wallis": {
    "H": 1.5953050689604469,
    "p": 0.6604548318211929
  },
  "group_medians": {
    "BL1": 5.825,
    "BL2": 4.47035,
    "M": 7.6065499999999995,
    "LAR": 4.7468
  },
  "group_means": {
    "BL1": 28.693043181818176,
    "BL2": 12.407285714285715,
    "M": 14.156714285714285,
    "LAR": 24.240293333333334
  },
  "group_n": {
    "BL1": 44,
    "BL2": 14,
    "M": 42,
    "LAR": 15
  },
  "pairwise_mannwhitney": {
    "BL1_vs_BL2": {
      "U": 373.0,
      "p": 0.2411829238007286
    },
    "BL1_vs_M": {
      "U": 1008.0,
      "p": 0.4706733051928613
    },
    "BL1_vs_LAR": {
      "U": 377.0,
      "p": 0.41824996942281545
    },
    "BL2_vs_M": {
      "U": 265.0,
      "p": 0.589672450518699
    },
    "BL2_vs_LAR": {
      "U": 102.0,
      "p": 0.9131054205137985
    },
    "M_vs_LAR": {
      "U": 322.0,
      "p": 0.906231627672795
    }
  },
  "median_split": 5.4383,
  "survival_mannwhitney_p": 0.6444417602946428,
  "survival_logrank_p": 0.4904826821668351,
  "n_survival_evaluable": 115
}