{
  "gene": "TCF7L2",
  "n_tnbc_with_expression": 115,
  "subtype_counts": {
    "BL1": 44,
    "M": 42,
    "LAR": 15,
    "BL2": 14
  },
  "kruskal_wallis": {
    "H": 5.944679024124298,
    "p": 0.11433295095231413
  },
  "group_medians": {
    "BL1": 922.25865,
    "BL2": 763.68295,
    "M": 828.82725,
    "LAR": 501.1186
  },
  "group_means": {
    "BL1": 889.860072727273,
    "BL2": 948.8528500000001,
    "M": 879.129642857143,
    "LAR": 739.1427399999999
  },
  "group_n": {
    "BL1": 44,
    "BL2": 14,
    "M": 42,
    "LAR": 15
  },
  "pairwise_mannwhitney": {
    "BL1_vs_BL2": {
      "U": 333.0,
      "p": 0.6561861972289662
    },
    "BL1_vs_M": {
      "U": 920.0,
      "p": 0.9758775206790925
    },
    "BL1_vs_LAR": {
      "U": 458.0,
      "p": 0.02645339908812638
    },
    "BL2_vs_M": {
      "U": 263.0,
      "p": 0.5638599685497133
    },
    "BL2_vs_LAR": {
      "U": 142.0,
      "p": 0.11116230009522647
    },
    "M_vs_LAR": {
      "U": 437.0,
      "p": 0.027677732983414843
    }
  },
  "median_split": 806.5199,
  "survival_mannwhitney_p": 0.4653871065630205,
  "survival_logrank_p": 0.4078312926168568,
  "n_survival_evaluable": 115
}